dimension,rule_code,rule_name,rule_type,description,is_active,created_by,updated_by,created_at,updated_at,sql_query_template,target_type,default_threshold,data_type,semantic_type,parameter_definition,evaluation_operator
PROFILING,P03,Cardinality ratio %,SQL,Percentage of distinct non-null values relative to non-null row count.,true,1,1,2026-10-01T10:37:58.603Z,2026-10-01T10:37:58.603Z,"
SELECT
    100.0 * COUNT(DISTINCT {column})
    / NULLIF(COUNT({column}), 0) AS metric_value,

    0 AS passed_count,
    0 AS failed_count,

    COUNT({column}) AS total_count,
    COUNT({column}) AS applicable_count
FROM {table}
",COLUMN,null,ALL,ANY,null,null
VALIDITY,V03,Email validity %,PARAMETERIZED,Percentage of non-null values satisfying email format.,true,1,1,2026-10-01T10:37:58.603Z,2026-10-01T10:37:58.603Z,"
SELECT
    100.0 * COUNT_IF(
        {column} IS NOT NULL
        AND RLIKE(
            CAST({column} AS STRING),
            {regular_expression}
        )
    ) / NULLIF(COUNT({column}), 0) AS metric_value,

    COUNT_IF(
        {column} IS NOT NULL
        AND RLIKE(
            CAST({column} AS STRING),
            {regular_expression}
        )
    ) AS passed_count,

    COUNT_IF(
        {column} IS NOT NULL
        AND NOT RLIKE(
            CAST({column} AS STRING),
            {regular_expression}
        )
    ) AS failed_count,

    COUNT({column}) AS total_count,
    COUNT({column}) AS applicable_count

FROM {table}
",COLUMN,98.000000,STRING,EMAIL,"{
      ""parameters"": [
        {
          ""name"": ""regular_expression"",
          ""label"": ""Email regular expression"",
          ""control"": ""regex"",
          ""required"": true
        }
      ]
    }",>=
PROFILING,P11,Top-N value coverage %,PARAMETERIZED,Percentage of non-null records represented by the top N most frequent values.,true,1,1,2026-10-01T10:37:58.603Z,2026-10-01T10:37:58.603Z,"
WITH frequencies AS (
    SELECT
        {column} AS value,
        COUNT(*) AS frequency
    FROM {table}
    WHERE {column} IS NOT NULL
    GROUP BY {column}
),
top_values AS (
    SELECT
        value,
        frequency
    FROM frequencies
    ORDER BY frequency DESC
    LIMIT {top_n}
),
totals AS (
    SELECT
        SUM(frequency) AS total_frequency
    FROM frequencies
)
SELECT
    100.0 * COALESCE(
        (
            SELECT SUM(frequency)
            FROM top_values
        ), 0
    ) / NULLIF(
        (SELECT total_frequency FROM totals),
        0
    ) AS metric_value,

    0 AS passed_count,
    0 AS failed_count,

    (SELECT total_frequency FROM totals) AS total_count,

    (SELECT total_frequency FROM totals) AS applicable_count
",COLUMN,null,ALL,ANY,"
{
  ""parameters"": [
    {
      ""name"": ""top_n"",
      ""label"": ""Top N"",
      ""control"": ""number"",
      ""required"": true,
      ""min"": 1,
      ""max"": 100
    }
  ]
}
",null
INTEGRITY,I02,Orphan record %,PARAMETERIZED,Percentage of child records without a matching parent.,true,1,1,2026-10-01T10:37:58.603Z,2026-10-01T10:37:58.603Z,"
SELECT
    100.0 *
    COUNT_IF(p.parent_key IS NULL)
    / NULLIF(COUNT(*), 0) AS metric_value,

    COUNT_IF(p.parent_key IS NOT NULL) AS passed_count,

    COUNT_IF(p.parent_key IS NULL) AS failed_count,

    COUNT(*) AS total_count,

    COUNT(*) AS applicable_count
FROM (
    SELECT DISTINCT
        {column} AS child_key
    FROM {table}
    WHERE {column} IS NOT NULL
) c
LEFT JOIN (
    SELECT DISTINCT
        {parent_key_column} AS parent_key
    FROM {parent_table}
    WHERE {parent_key_column} IS NOT NULL
) p
ON c.child_key = p.parent_key
",CROSS-TABLE,0.100000,ALL,ID,"{
          ""parameters"":[
            {
              ""name"":""parent_asset"",
              ""label"":""Parent asset"",
              ""control"":""asset_select"",
              ""required"":true
            },
            {
              ""name"":""parent_key_column"",
              ""label"":""Parent key column"",
              ""control"":""column_select"",
              ""required"":true
            }
          ]
        }",<=
INTEGRITY,I03,Parent coverage %,PARAMETERIZED,Percentage of parent keys referenced by child records.,true,1,1,2026-10-01T10:37:58.603Z,2026-10-01T10:37:58.603Z,"
WITH parent_keys AS (
    SELECT DISTINCT
        {parent_key_column} AS parent_key
    FROM {parent_table}
    WHERE {parent_key_column} IS NOT NULL
),
child_keys AS (
    SELECT DISTINCT
        {column} AS child_key
    FROM {table}
    WHERE {column} IS NOT NULL
)
SELECT
    100.0 *
    COUNT_IF(c.child_key IS NOT NULL)
    / NULLIF(COUNT(*), 0) AS metric_value,

    COUNT_IF(c.child_key IS NOT NULL) AS passed_count,

    COUNT_IF(c.child_key IS NULL) AS failed_count,

    COUNT(*) AS total_count,

    COUNT(*) AS applicable_count
FROM parent_keys p
LEFT JOIN child_keys c
ON p.parent_key = c.child_key
",CROSS-TABLE,null,ALL,ID,"{
          ""parameters"":[
            {
              ""name"":""parent_asset"",
              ""label"":""Parent asset"",
              ""control"":""asset_select"",
              ""required"":true
            },
            {
              ""name"":""parent_key_column"",
              ""label"":""Parent key column"",
              ""control"":""column_select"",
              ""required"":true
            }
          ]
        }",>=
CONSISTENCY,K03,Standardization compliance %,PARAMETERIZED,Percentage of values matching configured canonical representation.,true,1,1,2026-10-01T10:37:58.603Z,2026-10-01T10:37:58.603Z,"
SELECT
    100.0 * COUNT_IF(
        CASE
            WHEN {standardization_type} = TRIM
                THEN CAST({column} AS STRING) = TRIM(CAST({column} AS STRING))
            WHEN {standardization_type} = UPPERCASE
                THEN CAST({column} AS STRING) = UPPER(CAST({column} AS STRING))
            WHEN {standardization_type} = LOWERCASE
                THEN CAST({column} AS STRING) = LOWER(CAST({column} AS STRING))
            ELSE FALSE
        END
    ) / NULLIF(COUNT({column}), 0) AS metric_value,

    COUNT_IF(
        CASE
            WHEN {standardization_type} = TRIM
                THEN CAST({column} AS STRING) = TRIM(CAST({column} AS STRING))
            WHEN {standardization_type} = UPPERCASE
                THEN CAST({column} AS STRING) = UPPER(CAST({column} AS STRING))
            WHEN {standardization_type} = LOWERCASE
                THEN CAST({column} AS STRING) = LOWER(CAST({column} AS STRING))
            ELSE FALSE
        END
    ) AS passed_count,

    COUNT_IF(
        NOT (
            CASE
                WHEN {standardization_type} = TRIM
                    THEN CAST({column} AS STRING) = TRIM(CAST({column} AS STRING))
                WHEN {standardization_type} = UPPERCASE
                    THEN CAST({column} AS STRING) = UPPER(CAST({column} AS STRING))
                WHEN {standardization_type} = LOWERCASE
                    THEN CAST({column} AS STRING) = LOWER(CAST({column} AS STRING))
                ELSE FALSE
            END
        )
    ) AS failed_count,

    COUNT({column}) AS total_count,
    COUNT({column}) AS applicable_count
FROM {table}
WHERE {column} IS NOT NULL
",COLUMN,98.000000,STRING,CODE/ID/STATUS,"
{
  ""parameters"": [
    {
      ""name"": ""standardization_type"",
      ""label"": ""Standardization type"",
      ""control"": ""select"",
      ""required"": true,
      ""options"": [
        ""TRIM"",
        ""UPPERCASE"",
        ""LOWERCASE""
      ]
    }
  ]
}
",>=
TIMELINESS,T02,Freshness age,PARAMETERIZED,Age of the most recent data timestamp.,true,1,1,2026-10-01T10:37:58.603Z,2026-10-01T10:37:58.603Z,"
SELECT
    CAST(
        TIMESTAMPDIFF(
            {time_unit},
            MAX({column}),
            CURRENT_TIMESTAMP()
        )
        AS DOUBLE
    ) AS metric_value,

    0 AS passed_count,
    0 AS failed_count,
    COUNT(*) AS total_count,
    COUNT({column}) AS applicable_count
FROM {table}
",TABLE / COLUMN,null,DATE/TIMESTAMP,DATE_TIME,"{
          ""parameters"":[
            {
              ""name"":""time_unit"",
              ""label"":""Time unit"",
              ""control"":""select"",
              ""options"":[""MINUTE"",""HOUR"",""DAY""],
              ""required"":true
            }
          ]
        }",<=
TIMELINESS,T06,Expected-arrival coverage %,PARAMETERIZED,Percentage of expected arrivals actually received.,true,1,1,2026-10-01T10:37:58.603Z,2026-10-01T10:37:58.603Z,"
SELECT
    100.0 * COUNT_IF({arrival_condition})
        / NULLIF({expected_arrival_count}, 0) AS metric_value,
    COUNT_IF({arrival_condition}) AS passed_count,
    COUNT_IF(NOT ({arrival_condition})) AS failed_count,
    {expected_arrival_count} AS total_count,
    {expected_arrival_count} AS applicable_count
FROM {table}
",TABLE,99.000000,ALL,ANY,"
{
  ""parameters"": [
    {
      ""name"": ""arrival_condition"",
      ""label"": ""Arrival condition"",
      ""control"": ""expression"",
      ""required"": true
    },
    {
      ""name"": ""expected_arrival_count"",
      ""label"": ""Expected arrival count"",
      ""control"": ""number"",
      ""required"": true
    }
  ]
}
",>=
CONSISTENCY,K06,Cross-table consistency %,PARAMETERIZED,Percentage of records satisfying a configured cross-table relationship.,true,1,1,2026-10-01T10:37:58.603Z,2026-10-01T10:37:58.603Z,"
SELECT
    100.0 * COUNT_IF(
        {relationship_condition}
    ) / NULLIF(COUNT(*), 0) AS metric_value,
    COUNT_IF({relationship_condition}) AS passed_count,
    COUNT_IF(NOT ({relationship_condition})) AS failed_count,
    COUNT(*) AS total_count,
    COUNT(*) AS applicable_count
FROM {table}
",CROSS-TABLE,99.000000,ALL,ANY,"
{
  ""parameters"": [
    {
      ""name"": ""related_asset"",
      ""label"": ""Related asset"",
      ""control"": ""asset_select"",
      ""required"": true
    },
    {
      ""name"": ""source_column"",
      ""label"": ""Source column"",
      ""control"": ""column_select"",
      ""required"": true
    },
    {
      ""name"": ""related_column"",
      ""label"": ""Related column"",
      ""control"": ""column_select"",
      ""required"": true
    }
  ]
}
",>=
CONSISTENCY,K07,Category fragmentation rate,PARAMETERIZED,Rate of non-canonical category variants.,true,1,1,2026-10-01T10:37:58.603Z,2026-10-01T10:37:58.603Z,"
SELECT
    100.0 *
    COUNT_IF(
        {column} IS NOT NULL
        AND CAST({column} AS STRING) NOT IN ({canonical_values})
    )
    / NULLIF(COUNT({column}), 0) AS metric_value,

    COUNT_IF(
        {column} IS NOT NULL
        AND CAST({column} AS STRING) IN ({canonical_values})
    ) AS passed_count,

    COUNT_IF(
        {column} IS NOT NULL
        AND CAST({column} AS STRING) NOT IN ({canonical_values})
    ) AS failed_count,

    COUNT({column}) AS total_count,
    COUNT({column}) AS applicable_count
FROM {table}
",COLUMN,1.000000,STRING,CODE/STATUS,"{
          ""parameters"":[
            {
              ""name"":""canonical_values"",
              ""label"":""Canonical values"",
              ""control"":""multi_value"",
              ""required"":true
            }
          ]
        }",<=
ACCURACY,A01,Reference-match accuracy %,PARAMETERIZED,Percentage of applicable values matching a trusted reference.,true,1,1,2026-10-01T10:37:58.603Z,2026-10-01T10:37:58.603Z,"
SELECT
    100.0 * COUNT_IF(
        {match_condition}
    ) / NULLIF(COUNT({column}), 0) AS metric_value,
    COUNT_IF({match_condition}) AS passed_count,
    COUNT_IF(NOT ({match_condition})) AS failed_count,
    COUNT({column}) AS total_count,
    COUNT({column}) AS applicable_count
FROM {table}
WHERE {column} IS NOT NULL
",COLUMN / TABLE,99.000000,ALL,ANY,"
{
  ""parameters"": [
    {
      ""name"": ""reference_asset"",
      ""label"": ""Reference asset"",
      ""control"": ""asset_select"",
      ""required"": true
    },
    {
      ""name"": ""source_column"",
      ""label"": ""Source column"",
      ""control"": ""column_select"",
      ""required"": true
    },
    {
      ""name"": ""reference_column"",
      ""label"": ""Reference column"",
      ""control"": ""column_select"",
      ""required"": true
    }
  ]
}
",>=
INTEGRITY,I01,Referential integrity %,PARAMETERIZED,Percentage of non-null child keys found in the parent table.,true,1,1,2026-10-01T10:37:58.603Z,2026-10-01T10:37:58.603Z,"
WITH parent_keys AS (
    SELECT DISTINCT
        {parent_key_column} AS parent_key
    FROM {parent_table}
    WHERE {parent_key_column} IS NOT NULL
)
SELECT
    100.0 *
    COUNT_IF(c.{column} IS NOT NULL)
    / NULLIF(COUNT(*), 0) AS metric_value,

    COUNT_IF(c.{column} IS NOT NULL) AS passed_count,

    COUNT_IF(c.{column} IS NULL) AS failed_count,

    COUNT(*) AS total_count,

    COUNT(*) AS applicable_count
FROM parent_keys p
LEFT JOIN (
    SELECT DISTINCT
        {column} AS child_key
    FROM {table}
    WHERE {column} IS NOT NULL
) c
ON p.parent_key = c.child_key
",CROSS-TABLE,99.900000,ALL,ID,"{
          ""parameters"":[
            {
              ""name"":""parent_asset"",
              ""label"":""Parent asset"",
              ""control"":""asset_select"",
              ""required"":true
            },
            {
              ""name"":""parent_key_column"",
              ""label"":""Parent key column"",
              ""control"":""column_select"",
              ""required"":true
            }
          ]
        }",>=
TIMELINESS,T04,Maximum latency,PARAMETERIZED,Maximum difference between source and ingestion timestamps.,true,1,1,2026-10-01T10:37:58.603Z,2026-10-01T10:37:58.603Z,"
SELECT
    CAST(
        MAX(
            TIMESTAMPDIFF(
                {time_unit},
                {source_timestamp_column},
                {ingestion_timestamp_column}
            )
        )
        AS DOUBLE
    ) AS metric_value,

    0 AS passed_count,
    0 AS failed_count,
    COUNT(*) AS total_count,
    COUNT(*) AS applicable_count
FROM {table}
WHERE {source_timestamp_column} IS NOT NULL
  AND {ingestion_timestamp_column} IS NOT NULL
",TABLE / COLUMN,null,DATE/TIMESTAMP,DATE_TIME,"{
          ""parameters"":[
            {
              ""name"":""source_timestamp_column"",
              ""label"":""Source timestamp column"",
              ""control"":""column_select"",
              ""required"":true
            },
            {
              ""name"":""ingestion_timestamp_column"",
              ""label"":""Ingestion timestamp column"",
              ""control"":""column_select"",
              ""required"":true
            },
            {
              ""name"":""time_unit"",
              ""label"":""Time unit"",
              ""control"":""select"",
              ""options"":[""SECOND"",""MINUTE"",""HOUR"",""DAY""],
              ""required"":true
            }
          ]
        }",<=
TIMELINESS,T03,Average latency,PARAMETERIZED,Average difference between source and ingestion timestamps.,true,1,1,2026-10-01T10:37:58.603Z,2026-10-01T10:37:58.603Z,"
SELECT
    CAST(
        AVG(
            TIMESTAMPDIFF(
                {time_unit},
                {source_timestamp_column},
                {ingestion_timestamp_column}
            )
        )
        AS DOUBLE
    ) AS metric_value,

    0 AS passed_count,
    0 AS failed_count,
    COUNT(*) AS total_count,
    COUNT(*) AS applicable_count
FROM {table}
WHERE {source_timestamp_column} IS NOT NULL
  AND {ingestion_timestamp_column} IS NOT NULL
",TABLE / COLUMN,null,DATE/TIMESTAMP,DATE_TIME,"{
          ""parameters"":[
            {
              ""name"":""source_timestamp_column"",
              ""label"":""Source timestamp column"",
              ""control"":""column_select"",
              ""required"":true
            },
            {
              ""name"":""ingestion_timestamp_column"",
              ""label"":""Ingestion timestamp column"",
              ""control"":""column_select"",
              ""required"":true
            },
            {
              ""name"":""time_unit"",
              ""label"":""Time unit"",
              ""control"":""select"",
              ""options"":[""SECOND"",""MINUTE"",""HOUR"",""DAY""],
              ""required"":true
            }
          ]
        }",<=
CONSISTENCY,K05,Whitespace compliance %,SQL,Percentage of values without leading or trailing whitespace.,true,1,1,2026-10-01T10:37:58.603Z,2026-10-01T10:37:58.603Z,"
SELECT
    100.0 *
    COUNT_IF(
        {column} IS NOT NULL
        AND CAST({column} AS STRING) = TRIM(CAST({column} AS STRING))
    )
    / NULLIF(COUNT({column}), 0) AS metric_value,

    COUNT_IF(
        {column} IS NOT NULL
        AND CAST({column} AS STRING) = TRIM(CAST({column} AS STRING))
    ) AS passed_count,

    COUNT_IF(
        {column} IS NOT NULL
        AND CAST({column} AS STRING) <> TRIM(CAST({column} AS STRING))
    ) AS failed_count,

    COUNT({column}) AS total_count,
    COUNT({column}) AS applicable_count
FROM {table}
",COLUMN,99.000000,STRING,ANY,null,>=
VALIDITY,V13,Invalid value count,PARAMETERIZED,Count of values failing configured validation.,true,1,1,2026-10-01T10:37:58.603Z,2026-10-01T10:37:58.603Z,"
SELECT
    COUNT_IF(
        {column} IS NOT NULL
        AND NOT ({validation_condition})
    ) AS metric_value,

    COUNT_IF(
        {column} IS NOT NULL
        AND ({validation_condition})
    ) AS passed_count,

    COUNT_IF(
        {column} IS NOT NULL
        AND NOT ({validation_condition})
    ) AS failed_count,

    COUNT({column}) AS total_count,

    COUNT({column}) AS applicable_count
FROM {table}
",COLUMN / TABLE,null,ALL,ANY,"{
          ""parameters"":[
            {
              ""name"":""validation_condition"",
              ""label"":""Validation condition"",
              ""control"":""expression"",
              ""required"":true
            }
          ]
        }",<=
UNIQUENESS,U04,Primary-key compliance %,PARAMETERIZED,Percentage of records having a non-null unique primary key.,true,1,1,2026-10-01T10:37:58.603Z,2026-10-01T10:37:58.603Z,"
WITH key_stats AS (
    SELECT
        COUNT(*) AS total_count,
        COUNT({primary_key_column}) AS non_null_count,
        COUNT(DISTINCT {primary_key_column}) AS distinct_count
    FROM {table}
)
SELECT
    100.0 *
    CASE
        WHEN total_count = 0 THEN 100.0
        WHEN non_null_count = total_count
             AND distinct_count = total_count
        THEN 100.0
        ELSE 0.0
    END AS metric_value,

    CASE
        WHEN non_null_count = total_count
             AND distinct_count = total_count
        THEN total_count
        ELSE 0
    END AS passed_count,

    CASE
        WHEN non_null_count = total_count
             AND distinct_count = total_count
        THEN 0
        ELSE total_count
    END AS failed_count,

    total_count,
    total_count AS applicable_count
FROM key_stats
",TABLE,100.000000,ALL,ANY,"{
          ""parameters"":[
            {
              ""name"":""primary_key_column"",
              ""label"":""Primary key column"",
              ""control"":""column_select"",
              ""required"":true
            }
          ]
        }",>=
COMPLETENESS,C01,Completeness %,SQL,Percentage of records where the target value is populated.,true,1,1,2026-10-01T10:37:58.603Z,2026-10-01T10:37:58.603Z,"
SELECT
    100.0 * COUNT({column}) / NULLIF(COUNT(*), 0) AS metric_value,
    COUNT({column}) AS passed_count,
    COUNT(*) - COUNT({column}) AS failed_count,
    COUNT(*) AS total_count,
    COUNT(*) AS applicable_count
FROM {table}
",COLUMN / TABLE,95.000000,ALL,ANY,null,>=
COMPLETENESS,C02,Null %,SQL,Percentage of records containing NULL values.,true,1,1,2026-10-01T10:37:58.603Z,2026-10-01T10:37:58.603Z,"
SELECT
    100.0 * COUNT_IF({column} IS NULL) / NULLIF(COUNT(*), 0) AS metric_value,
    COUNT_IF({column} IS NOT NULL) AS passed_count,
    COUNT_IF({column} IS NULL) AS failed_count,
    COUNT(*) AS total_count,
    COUNT(*) AS applicable_count
FROM {table}
",COLUMN / TABLE,5.000000,ALL,ANY,null,<=
VALIDITY,V10,Positive-value compliance %,SQL,Percentage of non-null numeric values greater than zero.,true,1,1,2026-10-01T10:37:58.603Z,2026-10-01T10:37:58.603Z,"
SELECT
    100.0 * COUNT_IF({column} > 0) / NULLIF(COUNT({column}), 0) AS metric_value,
    COUNT_IF({column} > 0) AS passed_count,
    COUNT({column}) - COUNT_IF({column} > 0) AS failed_count,
    COUNT({column}) AS total_count,
    COUNT({column}) AS applicable_count
FROM {table}
",COLUMN,99.000000,NUMERIC,NUMERIC_BUSINESS,null,>=
VALIDITY,V11,Non-negative compliance %,SQL,Percentage of non-null numeric values greater than or equal to zero.,true,1,1,2026-10-01T10:37:58.603Z,2026-10-01T10:37:58.603Z,"
SELECT
    100.0 * COUNT_IF({column} >= 0) / NULLIF(COUNT({column}), 0) AS metric_value,
    COUNT_IF({column} >= 0) AS passed_count,
    COUNT({column}) - COUNT_IF({column} >= 0) AS failed_count,
    COUNT({column}) AS total_count,
    COUNT({column}) AS applicable_count
FROM {table}
",COLUMN,99.000000,NUMERIC,NUMERIC_BUSINESS,null,>=
VALIDITY,V12,Future-date violation %,SQL,Percentage of non-null date/timestamp values occurring in the future.,true,1,1,2026-10-01T10:37:58.603Z,2026-10-01T10:37:58.603Z,"
SELECT
    100.0 * COUNT_IF({column} > CURRENT_TIMESTAMP())
        / NULLIF(COUNT({column}), 0) AS metric_value,
    COUNT_IF({column} <= CURRENT_TIMESTAMP()) AS passed_count,
    COUNT_IF({column} > CURRENT_TIMESTAMP()) AS failed_count,
    COUNT({column}) AS total_count,
    COUNT({column}) AS applicable_count
FROM {table}
",COLUMN,0.100000,DATE/TIMESTAMP,DATE_TIME,null,<=
UNIQUENESS,U01,Uniqueness %,SQL,Percentage of distinct non-null values.,true,1,1,2026-10-01T10:37:58.603Z,2026-10-01T10:37:58.603Z,"
SELECT
    100.0 * COUNT(DISTINCT {column})
        / NULLIF(COUNT({column}), 0) AS metric_value,
    COUNT(DISTINCT {column}) AS passed_count,
    COUNT({column}) - COUNT(DISTINCT {column}) AS failed_count,
    COUNT({column}) AS total_count,
    COUNT({column}) AS applicable_count
FROM {table}
",COLUMN / TABLE,99.000000,ALL,ID/CODE,null,>=
PROFILING,P01,Row count,SQL,Total number of records.,true,1,1,2026-10-01T10:37:58.603Z,2026-10-01T10:37:58.603Z,"
SELECT
    CAST(COUNT(*) AS DOUBLE) AS metric_value,
    COUNT(*) AS passed_count,
    0 AS failed_count,
    COUNT(*) AS total_count,
    COUNT(*) AS applicable_count
FROM {table}
",TABLE,null,ALL,ANY,null,null
PROFILING,P02,Distinct count,SQL,Number of distinct non-null values.,true,1,1,2026-10-01T10:37:58.603Z,2026-10-01T10:37:58.603Z,"
SELECT
    CAST(COUNT(DISTINCT {column}) AS DOUBLE) AS metric_value,
    COUNT(DISTINCT {column}) AS passed_count,
    0 AS failed_count,
    COUNT({column}) AS total_count,
    COUNT({column}) AS applicable_count
FROM {table}
",COLUMN,null,ALL,ANY,null,null
PROFILING,P04,Minimum,SQL,Minimum value.,true,1,1,2026-10-01T10:37:58.603Z,2026-10-01T10:37:58.603Z,"
SELECT
    CAST(MIN({column}) AS DOUBLE) AS metric_value,
    COUNT({column}) AS passed_count,
    0 AS failed_count,
    COUNT({column}) AS total_count,
    COUNT({column}) AS applicable_count
FROM {table}
",COLUMN,null,NUMERIC,NUMERIC_BUSINESS,null,null
PROFILING,P05,Maximum,SQL,Maximum value.,true,1,1,2026-10-01T10:37:58.603Z,2026-10-01T10:37:58.603Z,"
SELECT
    CAST(MAX({column}) AS DOUBLE) AS metric_value,
    COUNT({column}) AS passed_count,
    0 AS failed_count,
    COUNT({column}) AS total_count,
    COUNT({column}) AS applicable_count
FROM {table}
",COLUMN,null,NUMERIC,NUMERIC_BUSINESS,null,null
PROFILING,P06,Mean/Average,SQL,Average value.,true,1,1,2026-10-01T10:37:58.603Z,2026-10-01T10:37:58.603Z,"
SELECT
    CAST(AVG({column}) AS DOUBLE) AS metric_value,
    COUNT({column}) AS passed_count,
    0 AS failed_count,
    COUNT({column}) AS total_count,
    COUNT({column}) AS applicable_count
FROM {table}
",COLUMN,null,NUMERIC,NUMERIC_BUSINESS,null,null
PROFILING,P07,Median,SQL,Approximate median value.,true,1,1,2026-10-01T10:37:58.603Z,2026-10-01T10:37:58.603Z,"
SELECT
    CAST(percentile_approx({column}, 0.5) AS DOUBLE) AS metric_value,
    COUNT({column}) AS passed_count,
    0 AS failed_count,
    COUNT({column}) AS total_count,
    COUNT({column}) AS applicable_count
FROM {table}
",COLUMN,null,NUMERIC,NUMERIC_BUSINESS,null,null
PROFILING,P08,Standard deviation,SQL,Standard deviation.,true,1,1,2026-10-01T10:37:58.603Z,2026-10-01T10:37:58.603Z,"
SELECT
    CAST(STDDEV({column}) AS DOUBLE) AS metric_value,
    COUNT({column}) AS passed_count,
    0 AS failed_count,
    COUNT({column}) AS total_count,
    COUNT({column}) AS applicable_count
FROM {table}
",COLUMN,null,NUMERIC,NUMERIC_BUSINESS,null,null
CUSTOM,X01,Custom Column Expression,CUSTOM_EXPRESSION,User-defined boolean column expression.,true,1,1,2026-10-01T10:37:58.603Z,2026-10-01T10:37:58.603Z,TBF,COLUMN,null,ALL,ANY,null,null
CUSTOM,X02,Custom Column Score,CUSTOM_EXPRESSION,User-defined column expression converted into a percentage score.,true,1,1,2026-10-01T10:37:58.603Z,2026-10-01T10:37:58.603Z,TBF,COLUMN,null,ALL,ANY,null,>=
CUSTOM,X03,Custom Tabular SQL Rule,CUSTOM_SQL,User-defined read-only SQL returning a standardized result.,true,1,1,2026-10-01T10:37:58.603Z,2026-10-01T10:37:58.603Z,TBF,TABLE,null,ALL,ANY,null,null
CUSTOM,X04,Custom SQL Single-Result Rule,CUSTOM_SQL,Custom SQL returning one standardized result row.,true,1,1,2026-10-01T10:37:58.603Z,2026-10-01T10:37:58.603Z,TBF,TABLE / COLUMN,null,ALL,ANY,null,null
CUSTOM,X05,Custom CASE-WHEN Classification,CUSTOM_EXPRESSION,Custom CASE-WHEN classification.,true,1,1,2026-10-01T10:37:58.603Z,2026-10-01T10:37:58.603Z,TBF,COLUMN / TABLE,null,ALL,ANY,null,null
CUSTOM,X06,Custom Cross-Table SQL Rule,CUSTOM_SQL,Custom cross-table JOIN/EXISTS/NOT EXISTS rule.,true,1,1,2026-10-01T10:37:58.603Z,2026-10-01T10:37:58.603Z,TBF,CROSS-TABLE,null,ALL,ANY,null,null
CUSTOM,X07,Custom Expression Threshold,CUSTOM_EXPRESSION,Evaluate a custom expression result against a configured threshold.,true,1,1,2026-10-01T10:37:58.603Z,2026-10-01T10:37:58.603Z,TBF,COLUMN / TABLE,null,ALL,ANY,null,>=
COMPLETENESS,C04,Required-field compliance %,PARAMETERIZED,Percentage of records satisfying configured mandatory-field conditions.,true,1,1,2026-10-01T10:37:58.603Z,2026-10-01T10:37:58.603Z,"
SELECT
    100.0 * COUNT_IF({mandatory_condition})
        / NULLIF(COUNT(*), 0) AS metric_value,
    COUNT_IF({mandatory_condition}) AS passed_count,
    COUNT_IF(NOT ({mandatory_condition})) AS failed_count,
    COUNT(*) AS total_count,
    COUNT(*) AS applicable_count
FROM {table}
",COLUMN / TABLE,98.000000,ALL,ANY,"{
          ""parameters"":[
            {
              ""name"":""mandatory_condition"",
              ""label"":""Mandatory-field condition"",
              ""control"":""expression"",
              ""required"":true
            }
          ]
        }",>=
COMPLETENESS,C05,Record completeness %,PARAMETERIZED,Average completeness across configured required fields.,true,1,1,2026-10-01T10:37:58.603Z,2026-10-01T10:37:58.603Z,"
SELECT
    100.0 * COUNT_IF({required_columns_condition})
        / NULLIF(COUNT(*), 0) AS metric_value,
    COUNT_IF({required_columns_condition}) AS passed_count,
    COUNT_IF(NOT ({required_columns_condition})) AS failed_count,
    COUNT(*) AS total_count,
    COUNT(*) AS applicable_count
FROM {table}
",TABLE,95.000000,ALL,ANY,"{
          ""parameters"":[
            {
              ""name"":""required_columns"",
              ""label"":""Required columns"",
              ""control"":""column_multi_select"",
              ""required"":true
            }
          ]
        }",>=
COMPLETENESS,C07,Selected-column completeness %,PARAMETERIZED,Percentage of records where all configured selected columns are populated.,true,1,1,2026-10-01T10:37:58.603Z,2026-10-01T10:37:58.603Z,"
SELECT
    100.0 * COUNT_IF({selected_columns_condition})
        / NULLIF(COUNT(*), 0) AS metric_value,
    COUNT_IF({selected_columns_condition}) AS passed_count,
    COUNT_IF(NOT ({selected_columns_condition})) AS failed_count,
    COUNT(*) AS total_count,
    COUNT(*) AS applicable_count
FROM {table}
",TABLE,95.000000,ALL,ANY,"{
          ""parameters"":[
            {
              ""name"":""selected_columns"",
              ""label"":""Selected columns"",
              ""control"":""column_multi_select"",
              ""required"":true
            }
          ]
        }",>=
VALIDITY,V01,Validity %,PARAMETERIZED,Percentage of applicable values satisfying a configured validation rule.,true,1,1,2026-10-01T10:37:58.603Z,2026-10-01T10:37:58.603Z,"
SELECT
    100.0 * COUNT_IF({validation_condition})
        / NULLIF(COUNT({column}), 0) AS metric_value,
    COUNT_IF({validation_condition}) AS passed_count,
    COUNT_IF(NOT ({validation_condition})) AS failed_count,
    COUNT({column}) AS total_count,
    COUNT({column}) AS applicable_count
FROM {table}
WHERE {column} IS NOT NULL
",COLUMN / TABLE,95.000000,NUMERIC,NUMERIC_BUSINESS,"{
          ""parameters"":[
            {
              ""name"":""validation_condition"",
              ""label"":""Validation condition"",
              ""control"":""expression"",
              ""required"":true
            }
          ]
        }",>=
VALIDITY,V02,Pattern compliance %,PARAMETERIZED,Percentage of non-null values matching a configured regular expression.,true,1,1,2026-10-01T10:37:58.603Z,2026-10-01T10:37:58.603Z,"
SELECT
    100.0 * COUNT_IF(
        RLIKE(CAST({column} AS STRING), {regular_expression})
    ) / NULLIF(COUNT({column}), 0) AS metric_value,
    COUNT_IF(
        RLIKE(CAST({column} AS STRING), {regular_expression})
    ) AS passed_count,
    COUNT_IF(
        NOT RLIKE(CAST({column} AS STRING), {regular_expression})
    ) AS failed_count,
    COUNT({column}) AS total_count,
    COUNT({column}) AS applicable_count
FROM {table}
WHERE {column} IS NOT NULL
",COLUMN,98.000000,STRING,EMAIL/PHONE/ID/CODE,"{
          ""parameters"":[
            {
              ""name"":""regular_expression"",
              ""label"":""Regular expression"",
              ""control"":""regex"",
              ""required"":true
            }
          ]
        }",>=
VALIDITY,V04,Phone validity %,PARAMETERIZED,Percentage of values satisfying configured phone validation.,true,1,1,2026-10-01T10:37:58.603Z,2026-10-01T10:37:58.603Z,"
SELECT
    100.0 * COUNT_IF(
        RLIKE(CAST({column} AS STRING), {phone_validation_pattern})
    ) / NULLIF(COUNT({column}), 0) AS metric_value,
    COUNT_IF(
        RLIKE(CAST({column} AS STRING), {phone_validation_pattern})
    ) AS passed_count,
    COUNT_IF(
        NOT RLIKE(CAST({column} AS STRING), {phone_validation_pattern})
    ) AS failed_count,
    COUNT({column}) AS total_count,
    COUNT({column}) AS applicable_count
FROM {table}
WHERE {column} IS NOT NULL
",COLUMN,98.000000,STRING,PHONE,"{
          ""parameters"":[
            {
              ""name"":""phone_validation_pattern"",
              ""label"":""Phone validation pattern"",
              ""control"":""regex"",
              ""required"":true
            }
          ]
        }",>=
VALIDITY,V06,Allowed-value compliance %,PARAMETERIZED,Percentage of values belonging to a configured allowed-value set.,true,1,1,2026-10-01T10:37:58.603Z,2026-10-01T10:37:58.603Z,"
SELECT
    100.0 * COUNT_IF(
        CAST({column} AS STRING) IN ({allowed_values})
    ) / NULLIF(COUNT({column}), 0) AS metric_value,
    COUNT_IF(
        CAST({column} AS STRING) IN ({allowed_values})
    ) AS passed_count,
    COUNT_IF(
        CAST({column} AS STRING) NOT IN ({allowed_values})
    ) AS failed_count,
    COUNT({column}) AS total_count,
    COUNT({column}) AS applicable_count
FROM {table}
WHERE {column} IS NOT NULL
",COLUMN,99.000000,STRING,STATUS/CODE,"{
          ""parameters"":[
            {
              ""name"":""allowed_values"",
              ""label"":""Allowed values"",
              ""control"":""multi_value"",
              ""required"":true
            }
          ]
        }",>=
VALIDITY,V07,Length compliance %,PARAMETERIZED,Percentage of string values within configured length limits.,true,1,1,2026-10-01T10:37:58.603Z,2026-10-01T10:37:58.603Z,"
SELECT
    100.0 * COUNT_IF(
        LENGTH(CAST({column} AS STRING))
        BETWEEN {minimum_length} AND {maximum_length}
    ) / NULLIF(COUNT({column}), 0) AS metric_value,
    COUNT_IF(
        LENGTH(CAST({column} AS STRING))
        BETWEEN {minimum_length} AND {maximum_length}
    ) AS passed_count,
    COUNT_IF(
        NOT (
            LENGTH(CAST({column} AS STRING))
            BETWEEN {minimum_length} AND {maximum_length}
        )
    ) AS failed_count,
    COUNT({column}) AS total_count,
    COUNT({column}) AS applicable_count
FROM {table}
WHERE {column} IS NOT NULL
",COLUMN,99.000000,STRING,ANY,"{
          ""parameters"":[
            {
              ""name"":""minimum_length"",
              ""label"":""Minimum length"",
              ""control"":""number"",
              ""required"":true
            },
            {
              ""name"":""maximum_length"",
              ""label"":""Maximum length"",
              ""control"":""number"",
              ""required"":true
            }
          ]
        }",>=
VALIDITY,V08,Format compliance %,PARAMETERIZED,Percentage of values satisfying configured format.,true,1,1,2026-10-01T10:37:58.603Z,2026-10-01T10:37:58.603Z,"
SELECT
    100.0 * COUNT_IF({format_definition})
        / NULLIF(COUNT({column}), 0) AS metric_value,
    COUNT_IF({format_definition}) AS passed_count,
    COUNT_IF(NOT ({format_definition})) AS failed_count,
    COUNT({column}) AS total_count,
    COUNT({column}) AS applicable_count
FROM {table}
WHERE {column} IS NOT NULL
",COLUMN,99.000000,STRING,CODE/ID/EMAIL/PHONE,"{
          ""parameters"":[
            {
              ""name"":""format_definition"",
              ""label"":""Format definition"",
              ""control"":""expression"",
              ""required"":true
            }
          ]
        }",>=
VALIDITY,V09,Character compliance %,PARAMETERIZED,Percentage of values containing only permitted character classes.,true,1,1,2026-10-01T10:37:58.603Z,2026-10-01T10:37:58.603Z,"
SELECT
    100.0 * COUNT_IF(
        RLIKE(CAST({column} AS STRING), {allowed_character_pattern})
    ) / NULLIF(COUNT({column}), 0) AS metric_value,
    COUNT_IF(
        RLIKE(CAST({column} AS STRING), {allowed_character_pattern})
    ) AS passed_count,
    COUNT_IF(
        NOT RLIKE(CAST({column} AS STRING), {allowed_character_pattern})
    ) AS failed_count,
    COUNT({column}) AS total_count,
    COUNT({column}) AS applicable_count
FROM {table}
WHERE {column} IS NOT NULL
",COLUMN,99.000000,STRING,ANY,"{
          ""parameters"":[
            {
              ""name"":""allowed_character_pattern"",
              ""label"":""Allowed character pattern"",
              ""control"":""regex"",
              ""required"":true
            }
          ]
        }",>=
UNIQUENESS,U02,Duplicate value %,PARAMETERIZED,Percentage of non-null values belonging to duplicate groups.,true,1,1,2026-10-01T10:37:58.603Z,2026-10-01T10:37:58.603Z,"
SELECT
    100.0 * COUNT_IF(
        {column} IN (
            SELECT {column}
            FROM {table}
            WHERE {column} IS NOT NULL
            GROUP BY {column}
            HAVING COUNT(*) > 1
        )
    ) / NULLIF(COUNT({column}), 0) AS metric_value,
    COUNT_IF(
        {column} NOT IN (
            SELECT {column}
            FROM {table}
            WHERE {column} IS NOT NULL
            GROUP BY {column}
            HAVING COUNT(*) > 1
        )
    ) AS passed_count,
    COUNT_IF(
        {column} IN (
            SELECT {column}
            FROM {table}
            WHERE {column} IS NOT NULL
            GROUP BY {column}
            HAVING COUNT(*) > 1
        )
    ) AS failed_count,
    COUNT({column}) AS total_count,
    COUNT({column}) AS applicable_count
FROM {table}
WHERE {column} IS NOT NULL
",COLUMN,1.000000,ALL,ID/CODE,"{
          ""parameters"":[]
        }",<=
UNIQUENESS,U03,Duplicate group count,PARAMETERIZED,Number of distinct values occurring more than once.,true,1,1,2026-10-01T10:37:58.603Z,2026-10-01T10:37:58.603Z,"
SELECT
    CAST(COUNT(*) AS DOUBLE) AS metric_value,
    COUNT(*) AS passed_count,
    0 AS failed_count,
    COUNT(*) AS total_count,
    COUNT(*) AS applicable_count
FROM (
    SELECT {column}
    FROM {table}
    WHERE {column} IS NOT NULL
    GROUP BY {column}
    HAVING COUNT(*) > 1
) duplicate_groups
",COLUMN,0.000000,ALL,ID/CODE,"{
          ""parameters"":[]
        }",<=
UNIQUENESS,U05,Composite-key uniqueness %,PARAMETERIZED,Percentage of applicable records with unique configured composite key.,true,1,1,2026-10-01T10:37:58.603Z,2026-10-01T10:37:58.603Z,"
SELECT
    100.0 * COUNT_IF(unique_key_flag = 1)
        / NULLIF(COUNT(*), 0) AS metric_value,
    COUNT_IF(unique_key_flag = 1) AS passed_count,
    COUNT_IF(unique_key_flag = 0) AS failed_count,
    COUNT(*) AS total_count,
    COUNT(*) AS applicable_count
FROM (
    SELECT
        {composite_key_columns},
        CASE
            WHEN COUNT(*) OVER (
                PARTITION BY {composite_key_columns}
            ) = 1 THEN 1
            ELSE 0
        END AS unique_key_flag
    FROM {table}
) keyed_rows
",TABLE,100.000000,ALL,ANY,"{
          ""parameters"":[
            {
              ""name"":""composite_key_columns"",
              ""label"":""Composite key columns"",
              ""control"":""column_multi_select"",
              ""required"":true
            }
          ]
        }",>=
CONSISTENCY,K01,Cross-column consistency %,PARAMETERIZED,Percentage of records satisfying configured cross-column relationship.,true,1,1,2026-10-01T10:37:58.603Z,2026-10-01T10:37:58.603Z,"
SELECT
    100.0 * COUNT_IF(
        {left_column} {operator} {right_column}
    ) / NULLIF(COUNT(*), 0) AS metric_value,
    COUNT_IF(
        {left_column} {operator} {right_column}
    ) AS passed_count,
    COUNT_IF(
        NOT ({left_column} {operator} {right_column})
    ) AS failed_count,
    COUNT(*) AS total_count,
    COUNT(*) AS applicable_count
FROM {table}
",CROSS-COLUMN,99.000000,ALL,ANY,"{
          ""parameters"":[
            {
              ""name"":""left_column"",
              ""label"":""Left column"",
              ""control"":""column_select"",
              ""required"":true
            },
            {
              ""name"":""operator"",
              ""label"":""Relationship operator"",
              ""control"":""select"",
              ""options"":[""="",""!="",""<"","">"",""<="","">=""],
              ""required"":true
            },
            {
              ""name"":""right_column"",
              ""label"":""Right column"",
              ""control"":""column_select"",
              ""required"":true
            }
          ]
        }",>=
CONSISTENCY,K02,Conditional rule compliance %,PARAMETERIZED,Percentage of applicable records satisfying a conditional requirement.,true,1,1,2026-10-01T10:37:58.603Z,2026-10-01T10:37:58.603Z,"
SELECT
    100.0 * COUNT_IF(
        NOT ({condition})
        OR ({requirement})
    ) / NULLIF(COUNT(*), 0) AS metric_value,
    COUNT_IF(
        NOT ({condition})
        OR ({requirement})
    ) AS passed_count,
    COUNT_IF(
        ({condition}) AND NOT ({requirement})
    ) AS failed_count,
    COUNT(*) AS total_count,
    COUNT_IF({condition}) AS applicable_count
FROM {table}
",COLUMN / CROSS-COLUMN,99.000000,ALL,ANY,"{
          ""parameters"":[
            {
              ""name"":""condition"",
              ""label"":""Condition"",
              ""control"":""expression"",
              ""required"":true
            },
            {
              ""name"":""requirement"",
              ""label"":""Required outcome"",
              ""control"":""expression"",
              ""required"":true
            }
          ]
        }",>=
TIMELINESS,T01,SLA compliance %,PARAMETERIZED,Percentage of records meeting configured SLA.,true,1,1,2026-10-01T10:37:58.603Z,2026-10-01T10:37:58.603Z,"
SELECT
    100.0 * COUNT_IF({sla_condition})
        / NULLIF(COUNT(*), 0) AS metric_value,
    COUNT_IF({sla_condition}) AS passed_count,
    COUNT_IF(NOT ({sla_condition})) AS failed_count,
    COUNT(*) AS total_count,
    COUNT(*) AS applicable_count
FROM {table}
",TABLE / COLUMN,98.000000,ALL,DATE_TIME,"{
          ""parameters"":[
            {
              ""name"":""sla_condition"",
              ""label"":""SLA condition"",
              ""control"":""expression"",
              ""required"":true
            }
          ]
        }",>=
ACCURACY,A02,Reference lookup success %,PARAMETERIZED,Percentage of values successfully resolved through reference lookup.,true,1,1,2026-10-01T10:37:58.603Z,2026-10-01T10:37:58.603Z,"
SELECT
    100.0 * COUNT_IF(
        {lookup_condition}
    ) / NULLIF(COUNT({column}), 0) AS metric_value,
    COUNT_IF({lookup_condition}) AS passed_count,
    COUNT_IF(NOT ({lookup_condition})) AS failed_count,
    COUNT({column}) AS total_count,
    COUNT({column}) AS applicable_count
FROM {table}
WHERE {column} IS NOT NULL
",COLUMN,99.000000,ALL,ANY,"{
          ""parameters"":[
            {
              ""name"":""reference_asset"",
              ""label"":""Reference asset"",
              ""control"":""asset_select"",
              ""required"":true
            },
            {
              ""name"":""reference_column"",
              ""label"":""Reference column"",
              ""control"":""column_select"",
              ""required"":true
            },
            {
              ""name"":""lookup_condition"",
              ""label"":""Lookup condition"",
              ""control"":""expression"",
              ""required"":true
            }
          ]
        }",>=
INTEGRITY,I04,Primary-key null %,PARAMETERIZED,Percentage of records where the configured primary key is NULL.,true,1,1,2026-10-01T10:37:58.603Z,2026-10-01T10:37:58.603Z,"
SELECT
    100.0 * COUNT_IF(
        {primary_key_column} IS NULL
    ) / NULLIF(COUNT(*), 0) AS metric_value,
    COUNT_IF(
        {primary_key_column} IS NOT NULL
    ) AS passed_count,
    COUNT_IF(
        {primary_key_column} IS NULL
    ) AS failed_count,
    COUNT(*) AS total_count,
    COUNT(*) AS applicable_count
FROM {table}
",TABLE,0.000000,ALL,ID,"{
          ""parameters"":[
            {
              ""name"":""primary_key_column"",
              ""label"":""Primary key column"",
              ""control"":""column_select"",
              ""required"":true
            }
          ]
        }",<=
PROFILING,P09,Percentile,PARAMETERIZED,Configured percentile using percentile_approx.,true,1,1,2026-10-01T10:37:58.603Z,2026-10-01T10:37:58.603Z,"
SELECT
    CAST(
        percentile_approx({column}, {percentile})
        AS DOUBLE
    ) AS metric_value,
    COUNT({column}) AS passed_count,
    0 AS failed_count,
    COUNT({column}) AS total_count,
    COUNT({column}) AS applicable_count
FROM {table}
WHERE {column} IS NOT NULL
",COLUMN,null,NUMERIC,NUMERIC_BUSINESS,"{
          ""parameters"":[
            {
              ""name"":""percentile"",
              ""label"":""Percentile"",
              ""control"":""number"",
              ""min"":0,
              ""max"":1,
              ""required"":true
            }
          ]
        }",null
PROFILING,P10,Outlier %,PARAMETERIZED,Percentage of values identified as statistical outliers.,true,1,1,2026-10-01T10:37:58.603Z,2026-10-01T10:37:58.603Z,"
SELECT
    100.0 * COUNT_IF(
        {outlier_definition}
    ) / NULLIF(COUNT({column}), 0) AS metric_value,
    COUNT_IF(NOT ({outlier_definition})) AS passed_count,
    COUNT_IF({outlier_definition}) AS failed_count,
    COUNT({column}) AS total_count,
    COUNT({column}) AS applicable_count
FROM {table}
WHERE {column} IS NOT NULL
",COLUMN,2.000000,NUMERIC,NUMERIC_BUSINESS,"{
          ""parameters"":[
            {
              ""name"":""outlier_definition"",
              ""label"":""Outlier definition"",
              ""control"":""expression"",
              ""required"":true
            }
          ]
        }",<=
PROFILING,P12,Distribution deviation,PARAMETERIZED,Deviation from configured baseline distribution.,true,1,1,2026-10-01T10:37:58.603Z,2026-10-01T10:37:58.603Z,"
SELECT
    {baseline_distribution} AS metric_value,
    1 AS passed_count,
    0 AS failed_count,
    1 AS total_count,
    1 AS applicable_count
FROM {table}
",COLUMN,null,NUMERIC,NUMERIC_BUSINESS,"{
          ""parameters"":[
            {
              ""name"":""baseline_distribution"",
              ""label"":""Baseline distribution"",
              ""control"":""json"",
              ""required"":true
            }
          ]
        }",<=
PROFILING,P13,Volume variance %,PARAMETERIZED,Percentage variance between current and baseline row volume.,true,1,1,2026-10-01T10:37:58.603Z,2026-10-01T10:37:58.603Z,"
SELECT
    100.0 * ABS(
        COUNT(*) - {baseline_row_count}
    ) / NULLIF({baseline_row_count}, 0) AS metric_value,
    1 AS passed_count,
    0 AS failed_count,
    1 AS total_count,
    1 AS applicable_count
FROM {table}
",TABLE,null,ALL,ANY,"{
          ""parameters"":[
            {
              ""name"":""baseline_row_count"",
              ""label"":""Baseline row count"",
              ""control"":""number"",
              ""min"":0,
              ""required"":true
            }
          ]
        }",<=
PROFILING,P14,Schema compliance %,PARAMETERIZED,Percentage of expected schema columns matching actual name and type.,true,1,1,2026-10-01T10:37:58.603Z,2026-10-01T10:37:58.603Z,"
SELECT
    {schema_compliance_expression} AS metric_value,
    {schema_passed_expression} AS passed_count,
    {schema_failed_expression} AS failed_count,
    {expected_column_count} AS total_count,
    {expected_column_count} AS applicable_count
FROM {table}
",TABLE,99.000000,ALL,ANY,"{
          ""parameters"":[
            {
              ""name"":""expected_schema"",
              ""label"":""Expected schema"",
              ""control"":""schema_definition"",
              ""required"":true
            }
          ]
        }",>=
BUSINESS,B01,Conditional completeness %,PARAMETERIZED,Required field populated when configured condition is true.,true,1,1,2026-10-01T10:37:58.603Z,2026-10-01T10:37:58.603Z,"
SELECT
    100.0 * COUNT_IF(
        NOT ({condition})
        OR ({required_condition})
    ) / NULLIF(COUNT(*), 0) AS metric_value,
    COUNT_IF(
        NOT ({condition})
        OR ({required_condition})
    ) AS passed_count,
    COUNT_IF(
        ({condition}) AND NOT ({required_condition})
    ) AS failed_count,
    COUNT(*) AS total_count,
    COUNT_IF({condition}) AS applicable_count
FROM {table}
",COLUMN / CROSS-COLUMN,99.000000,ALL,ANY,"{
          ""parameters"":[
            {
              ""name"":""condition"",
              ""label"":""Condition"",
              ""control"":""expression"",
              ""required"":true
            },
            {
              ""name"":""required_condition"",
              ""label"":""Required condition"",
              ""control"":""expression"",
              ""required"":true
            }
          ]
        }",>=
BUSINESS,B02,Conditional validity %,PARAMETERIZED,Validation requirement satisfied when configured condition is true.,true,1,1,2026-10-01T10:37:58.603Z,2026-10-01T10:37:58.603Z,"
SELECT
    100.0 * COUNT_IF(
        NOT ({condition})
        OR ({validation_condition})
    ) / NULLIF(COUNT(*), 0) AS metric_value,
    COUNT_IF(
        NOT ({condition})
        OR ({validation_condition})
    ) AS passed_count,
    COUNT_IF(
        ({condition}) AND NOT ({validation_condition})
    ) AS failed_count,
    COUNT(*) AS total_count,
    COUNT_IF({condition}) AS applicable_count
FROM {table}
",COLUMN / CROSS-COLUMN,99.000000,ALL,ANY,"{
          ""parameters"":[
            {
              ""name"":""condition"",
              ""label"":""Condition"",
              ""control"":""expression"",
              ""required"":true
            },
            {
              ""name"":""validation_condition"",
              ""label"":""Validation condition"",
              ""control"":""expression"",
              ""required"":true
            }
          ]
        }",>=
BUSINESS,B03,Mutual-exclusion compliance %,PARAMETERIZED,Percentage of records not violating mutually exclusive conditions.,true,1,1,2026-10-01T10:37:58.603Z,2026-10-01T10:37:58.603Z,"
SELECT
    100.0 * COUNT_IF(
        {mutual_exclusion_conditions}
    ) / NULLIF(COUNT(*), 0) AS metric_value,
    COUNT_IF({mutual_exclusion_conditions}) AS passed_count,
    COUNT_IF(NOT ({mutual_exclusion_conditions})) AS failed_count,
    COUNT(*) AS total_count,
    COUNT(*) AS applicable_count
FROM {table}
",CROSS-COLUMN,99.000000,ALL,ANY,"{
          ""parameters"":[
            {
              ""name"":""mutual_exclusion_conditions"",
              ""label"":""Mutually exclusive conditions"",
              ""control"":""expression_multi"",
              ""required"":true
            }
          ]
        }",>=
BUSINESS,B04,At-least-one-field compliance %,PARAMETERIZED,Percentage of records with at least one configured field populated.,true,1,1,2026-10-01T10:37:58.603Z,2026-10-01T10:37:58.603Z,"
SELECT
    100.0 * COUNT_IF(
        {selected_columns_condition}
    ) / NULLIF(COUNT(*), 0) AS metric_value,
    COUNT_IF({selected_columns_condition}) AS passed_count,
    COUNT_IF(NOT ({selected_columns_condition})) AS failed_count,
    COUNT(*) AS total_count,
    COUNT(*) AS applicable_count
FROM {table}
",CROSS-COLUMN,99.000000,ALL,ANY,"{
          ""parameters"":[
            {
              ""name"":""selected_columns"",
              ""label"":""Fields to evaluate"",
              ""control"":""column_multi_select"",
              ""required"":true
            }
          ]
        }",>=
BUSINESS,B05,Date sequence compliance %,PARAMETERIZED,Percentage of records satisfying configured date sequence.,true,1,1,2026-10-01T10:37:58.603Z,2026-10-01T10:37:58.603Z,"
SELECT
    100.0 * COUNT_IF(
        {date_sequence_condition}
    ) / NULLIF(COUNT(*), 0) AS metric_value,
    COUNT_IF({date_sequence_condition}) AS passed_count,
    COUNT_IF(NOT ({date_sequence_condition})) AS failed_count,
    COUNT(*) AS total_count,
    COUNT(*) AS applicable_count
FROM {table}
",CROSS-COLUMN,99.000000,DATE/TIMESTAMP,DATE_TIME,"{
          ""parameters"":[
            {
              ""name"":""date_sequence_columns"",
              ""label"":""Date sequence columns"",
              ""control"":""ordered_column_select"",
              ""required"":true
            }
          ]
        }",>=
BUSINESS,B06,Aggregate reconciliation %,PARAMETERIZED,Percentage reconciliation between configured source and target aggregates.,true,1,1,2026-10-01T10:37:58.603Z,2026-10-01T10:37:58.603Z,"
SELECT
    100.0 * (
        1 - ABS(
            ({source_aggregate}) - ({target_aggregate})
        ) / NULLIF(ABS({source_aggregate}), 0)
    ) AS metric_value,
    1 AS passed_count,
    0 AS failed_count,
    1 AS total_count,
    1 AS applicable_count
FROM {source_asset}, {target_asset}
",TABLE / CROSS-TABLE,99.900000,ALL,ANY,"{
          ""parameters"":[
            {
              ""name"":""source_asset"",
              ""label"":""Source asset"",
              ""control"":""asset_select"",
              ""required"":true
            },
            {
              ""name"":""source_aggregate"",
              ""label"":""Source aggregate"",
              ""control"":""expression"",
              ""required"":true
            },
            {
              ""name"":""target_asset"",
              ""label"":""Target asset"",
              ""control"":""asset_select"",
              ""required"":true
            },
            {
              ""name"":""target_aggregate"",
              ""label"":""Target aggregate"",
              ""control"":""expression"",
              ""required"":true
            }
          ]
        }",>=
BUSINESS,B07,Row-level reconciliation %,PARAMETERIZED,Percentage of applicable source/target records reconciled.,true,1,1,2026-10-01T10:37:58.603Z,2026-10-01T10:37:58.603Z,"
SELECT
    100.0 * COUNT_IF(
        {reconciliation_condition}
    ) / NULLIF(COUNT(*), 0) AS metric_value,
    COUNT_IF({reconciliation_condition}) AS passed_count,
    COUNT_IF(NOT ({reconciliation_condition})) AS failed_count,
    COUNT(*) AS total_count,
    COUNT(*) AS applicable_count
FROM {source_asset} s
JOIN {target_asset} t
    ON s.{source_key_column} = t.{target_key_column}
",CROSS-TABLE,99.000000,ALL,ANY,"{
          ""parameters"":[
            {
              ""name"":""source_asset"",
              ""label"":""Source asset"",
              ""control"":""asset_select"",
              ""required"":true
            },
            {
              ""name"":""target_asset"",
              ""label"":""Target asset"",
              ""control"":""asset_select"",
              ""required"":true
            },
            {
              ""name"":""source_key_column"",
              ""label"":""Source key column"",
              ""control"":""column_select"",
              ""required"":true
            },
            {
              ""name"":""target_key_column"",
              ""label"":""Target key column"",
              ""control"":""column_select"",
              ""required"":true
            },
            {
              ""name"":""reconciliation_condition"",
              ""label"":""Reconciliation condition"",
              ""control"":""expression"",
              ""required"":true
            }
          ]
        }",>=
BUSINESS,B08,Conditional allowed-value compliance %,PARAMETERIZED,Percentage of values allowed for the configured row condition.,true,1,1,2026-10-01T10:37:58.603Z,2026-10-01T10:37:58.603Z,"
SELECT
    100.0 * COUNT_IF(
        NOT ({condition})
        OR CAST({column} AS STRING) IN ({allowed_values})
    ) / NULLIF(COUNT(*), 0) AS metric_value,
    COUNT_IF(
        NOT ({condition})
        OR CAST({column} AS STRING) IN ({allowed_values})
    ) AS passed_count,
    COUNT_IF(
        ({condition})
        AND CAST({column} AS STRING) NOT IN ({allowed_values})
    ) AS failed_count,
    COUNT(*) AS total_count,
    COUNT_IF({condition}) AS applicable_count
FROM {table}
",COLUMN / CROSS-COLUMN,99.000000,ALL,ANY,"{
          ""parameters"":[
            {
              ""name"":""condition"",
              ""label"":""Row condition"",
              ""control"":""expression"",
              ""required"":true
            },
            {
              ""name"":""allowed_values"",
              ""label"":""Allowed values"",
              ""control"":""multi_value"",
              ""required"":true
            }
          ]
        }",>=
CONSISTENCY,K04,Case consistency %,PARAMETERIZED,Percentage of values following configured case convention.,true,1,1,2026-10-01T10:37:58.603Z,2026-10-01T10:37:58.603Z,"
SELECT
    100.0 * COUNT_IF(
        CASE
            WHEN {case_convention} = UPPER
                THEN CAST({column} AS STRING) = UPPER(CAST({column} AS STRING))
            WHEN {case_convention} = LOWER
                THEN CAST({column} AS STRING) = LOWER(CAST({column} AS STRING))
            WHEN {case_convention} = MIXED
                THEN TRUE
            ELSE FALSE
        END
    ) / NULLIF(COUNT({column}), 0) AS metric_value,

    COUNT_IF(
        CASE
            WHEN {case_convention} = UPPER
                THEN CAST({column} AS STRING) = UPPER(CAST({column} AS STRING))
            WHEN {case_convention} = LOWER
                THEN CAST({column} AS STRING) = LOWER(CAST({column} AS STRING))
            WHEN {case_convention} = MIXED
                THEN TRUE
            ELSE FALSE
        END
    ) AS passed_count,

    COUNT_IF(
        NOT (
            CASE
                WHEN {case_convention} = UPPER
                    THEN CAST({column} AS STRING) = UPPER(CAST({column} AS STRING))
                WHEN {case_convention} = LOWER
                    THEN CAST({column} AS STRING) = LOWER(CAST({column} AS STRING))
                WHEN {case_convention} = MIXED
                    THEN TRUE
                ELSE FALSE
            END
        )
    ) AS failed_count,

    COUNT({column}) AS total_count,
    COUNT({column}) AS applicable_count
FROM {table}
WHERE {column} IS NOT NULL
",COLUMN,99.000000,STRING,CODE/ID/STATUS,"
{
  ""parameters"": [
    {
      ""name"": ""case_convention"",
      ""label"": ""Case convention"",
      ""control"": ""select"",
      ""required"": true,
      ""options"": [
        ""UPPER"",
        ""LOWER"",
        ""MIXED""
      ]
    }
  ]
}
",>=
VALIDITY,V05,Range compliance %,PARAMETERIZED,Percentage of applicable values within configured minimum and maximum.,true,1,1,2026-10-01T10:37:58.603Z,2026-10-01T10:37:58.603Z,"
SELECT
    ROUND(
        100.0 * SUM(
            CASE
                WHEN {column} >= {minimum_value}
                 AND {column} <= {maximum_value}
                THEN 1
                ELSE 0
            END
        ) / COUNT(*),
        2
    ) AS metric_value,

    SUM(
        CASE
            WHEN {column} >= {minimum_value}
             AND {column} <= {maximum_value}
            THEN 1
            ELSE 0
        END
    ) AS passed_count,

    SUM(
        CASE
            WHEN {column} < {minimum_value}
              OR {column} > {maximum_value}
            THEN 1
            ELSE 0
        END
    ) AS failed_count,

    COUNT(*) AS total_count
FROM {table}
WHERE {column} IS NOT NULL
",COLUMN,99.000000,NUMERIC,NUMERIC_BUSINESS,"{""minimum_value"":""number"",""maximum_value"":""number""}",>=
TIMELINESS,T05,Late-record %,PARAMETERIZED,Percentage of records arriving later than configured expectation.,true,1,1,2026-10-01T10:37:58.603Z,2026-10-01T10:37:58.603Z,"
SELECT
    100.0 * COUNT_IF(
        {arrival_timestamp_column} > {expected_arrival}
    ) / NULLIF(COUNT(*), 0) AS metric_value,
    COUNT_IF(
        {arrival_timestamp_column} <= {expected_arrival}
    ) AS passed_count,
    COUNT_IF(
        {arrival_timestamp_column} > {expected_arrival}
    ) AS failed_count,
    COUNT(*) AS total_count,
    COUNT(*) AS applicable_count
FROM {table}
WHERE {arrival_timestamp_column} IS NOT NULL
",TABLE / COLUMN,2.000000,ALL,DATE_TIME,"{
  ""parameters"": [
    {
      ""name"": ""arrival_timestamp_column"",
      ""label"": ""Arrival timestamp column"",
      ""control"": ""column_select"",
      ""required"": true
    },
    {
      ""name"": ""expected_arrival"",
      ""label"": ""Expected arrival"",
      ""control"": ""datetime"",
      ""required"": true
    }
  ]
}",<=
COMPLETENESS,C03,Blank %,SQL,Percentage of NULL or blank values.,true,1,1,2026-10-01T10:37:58.603Z,2026-10-01T10:37:58.603Z,"
SELECT
    100.0 * COUNT_IF(
        {column} IS NOT NULL
        AND TRIM(CAST({column} AS STRING)) = CHAR(39) || CHAR(39)
    ) / NULLIF(COUNT(*), 0) AS metric_value,

    COUNT_IF(
        {column} IS NOT NULL
        AND TRIM(CAST({column} AS STRING)) <> CHAR(39) || CHAR(39)
    ) AS passed_count,

    COUNT_IF(
        {column} IS NULL
        OR TRIM(CAST({column} AS STRING)) = CHAR(39) || CHAR(39)
    ) AS failed_count,

    COUNT(*) AS total_count,
    COUNT(*) AS applicable_count
FROM {table}
",COLUMN,2.000000,STRING,ANY,null,<=
COMPLETENESS,C06,Missing-field count,SQL,Count of missing or blank values.,true,1,1,2026-10-01T10:37:58.603Z,2026-10-01T10:37:58.603Z,"
SELECT
    COUNT_IF(
        {column} IS NULL
        OR TRIM(CAST({column} AS STRING)) = CHAR(39) || CHAR(39)
    ) AS metric_value,

    COUNT_IF(
        {column} IS NOT NULL
        AND TRIM(CAST({column} AS STRING)) <> CHAR(39) || CHAR(39)
    ) AS passed_count,

    COUNT_IF(
        {column} IS NULL
        OR TRIM(CAST({column} AS STRING)) = CHAR(39) || CHAR(39)
    ) AS failed_count,

    COUNT(*) AS total_count,
    COUNT(*) AS applicable_count
FROM {table}
",COLUMN / TABLE,null,ALL,ANY,null,<=
