asset_id,column_id,column_name,ordinal_position,data_type,is_nullable,metadata
1,504,STATUS_ID,1,STRING,false,"{""semantic_type"":""ID""}"
1,505,ACCOUNT_ID,2,STRING,true,"{""semantic_type"":""ID""}"
1,506,STATUS,3,STRING,true,"{""semantic_type"":""STATUS""}"
1,507,EFFECTIVE_DATE,4,DATE,true,"{""semantic_type"":""DATE_TIME""}"
1,508,REASON_CODE,5,STRING,true,"{""semantic_type"":""CODE""}"
1,509,CHANGED_BY,6,STRING,true,"{""semantic_type"":""TEXT""}"
1,510,DQ_FLAG,7,STRING,true,"{""semantic_type"":""TEXT""}"
2,456,RANGE_ID,1,STRING,false,"{""semantic_type"":""ID""}"
2,457,BIN,2,STRING,true,"{""semantic_type"":""TEXT""}"
2,458,RANGE_LOW,3,STRING,true,"{""semantic_type"":""TEXT""}"
2,459,RANGE_HIGH,4,STRING,true,"{""semantic_type"":""TEXT""}"
2,460,ISSUER_ID,5,STRING,true,"{""semantic_type"":""ID""}"
2,461,IS_ACTIVE,6,STRING,true,"{""semantic_type"":""TEXT""}"
2,462,DQ_FLAG,7,STRING,true,"{""semantic_type"":""TEXT""}"
3,495,ISSUER_ACCOUNT_ID,1,STRING,false,"{""semantic_type"":""ID""}"
3,496,ISSUER_ID,2,STRING,true,"{""semantic_type"":""ID""}"
3,497,ACCOUNT_TYPE,3,STRING,true,"{""semantic_type"":""TEXT""}"
3,498,CURRENCY_CODE,4,STRING,true,"{""semantic_type"":""CODE""}"
3,499,BALANCE,5,"DECIMAL(18,2)",true,"{""semantic_type"":""NUMERIC_BUSINESS""}"
3,500,ACCOUNT_STATUS,6,STRING,true,"{""semantic_type"":""STATUS""}"
3,501,BANK_NAME,7,STRING,true,"{""semantic_type"":""TEXT""}"
3,502,ACCOUNT_NUMBER,8,STRING,true,"{""semantic_type"":""TEXT""}"
3,503,DQ_FLAG,9,STRING,true,"{""semantic_type"":""TEXT""}"
4,479,INSTITUTION_ID,1,STRING,false,"{""semantic_type"":""ID""}"
4,480,ISSUER_ID,2,STRING,true,"{""semantic_type"":""ID""}"
4,481,INSTITUTION_TYPE,3,STRING,true,"{""semantic_type"":""TEXT""}"
4,482,REGULATORY_ID,4,STRING,true,"{""semantic_type"":""ID""}"
4,483,COUNTRY_CODE,5,STRING,true,"{""semantic_type"":""CODE""}"
4,484,IS_LICENSED,6,STRING,true,"{""semantic_type"":""TEXT""}"
4,485,LICENSE_EXPIRY,7,DATE,true,"{""semantic_type"":""OTHER""}"
4,486,DQ_FLAG,8,STRING,true,"{""semantic_type"":""TEXT""}"
5,487,RELATIONSHIP_ID,1,STRING,false,"{""semantic_type"":""ID""}"
5,488,ISSUER_ID,2,STRING,true,"{""semantic_type"":""ID""}"
5,489,PARTNER_ID,3,STRING,true,"{""semantic_type"":""ID""}"
5,490,RELATIONSHIP_TYPE,4,STRING,true,"{""semantic_type"":""TEXT""}"
5,491,START_DATE,5,DATE,true,"{""semantic_type"":""DATE_TIME""}"
5,492,END_DATE,6,DATE,true,"{""semantic_type"":""DATE_TIME""}"
5,493,IS_ACTIVE,7,STRING,true,"{""semantic_type"":""TEXT""}"
5,494,DQ_FLAG,8,STRING,true,"{""semantic_type"":""TEXT""}"
6,470,ISSUER_ID,1,STRING,false,"{""semantic_type"":""ID""}"
6,471,ISSUER_NAME,2,STRING,true,"{""semantic_type"":""TEXT""}"
6,472,COUNTRY_CODE,3,STRING,true,"{""semantic_type"":""CODE""}"
6,473,NETWORK,4,STRING,true,"{""semantic_type"":""TEXT""}"
6,474,ROUTING_NUMBER,5,STRING,true,"{""semantic_type"":""TEXT""}"
6,475,SWIFT_CODE,6,STRING,true,"{""semantic_type"":""CODE""}"
6,476,IS_ACTIVE,7,STRING,true,"{""semantic_type"":""TEXT""}"
6,477,REGISTERED_DATE,8,DATE,true,"{""semantic_type"":""DATE_TIME""}"
6,478,DQ_FLAG,9,STRING,true,"{""semantic_type"":""TEXT""}"
7,463,ASSIGNMENT_ID,1,STRING,false,"{""semantic_type"":""ID""}"
7,464,BIN,2,STRING,true,"{""semantic_type"":""TEXT""}"
7,465,ISSUER_ID,3,STRING,true,"{""semantic_type"":""ID""}"
7,466,ASSIGNED_DATE,4,DATE,true,"{""semantic_type"":""DATE_TIME""}"
7,467,EXPIRY_DATE,5,DATE,true,"{""semantic_type"":""DATE_TIME""}"
7,468,ASSIGNMENT_STATUS,6,STRING,true,"{""semantic_type"":""STATUS""}"
7,469,DQ_FLAG,7,STRING,true,"{""semantic_type"":""TEXT""}"
8,447,BIN,1,STRING,false,"{""semantic_type"":""TEXT""}"
8,448,NETWORK,2,STRING,true,"{""semantic_type"":""TEXT""}"
8,449,CARD_TYPE,3,STRING,true,"{""semantic_type"":""TEXT""}"
8,450,ISSUER_COUNTRY,4,STRING,true,"{""semantic_type"":""TEXT""}"
8,451,ISSUER_ID,5,STRING,true,"{""semantic_type"":""ID""}"
8,452,BIN_LENGTH,6,INT,true,"{""semantic_type"":""OTHER""}"
8,453,IS_ACTIVE,7,STRING,true,"{""semantic_type"":""TEXT""}"
8,454,FUNDING_TYPE,8,STRING,true,"{""semantic_type"":""TEXT""}"
8,455,DQ_FLAG,9,STRING,true,"{""semantic_type"":""TEXT""}"
9,439,EXPIRATION_ID,1,STRING,false,"{""semantic_type"":""ID""}"
9,440,CARD_ID,2,STRING,true,"{""semantic_type"":""ID""}"
9,441,EXPIRY_DATE,3,STRING,true,"{""semantic_type"":""DATE_TIME""}"
9,442,NOTIFICATION_SENT,4,STRING,true,"{""semantic_type"":""TEXT""}"
9,443,NOTIFICATION_DATE,5,DATE,true,"{""semantic_type"":""DATE_TIME""}"
9,444,AUTO_RENEWAL,6,STRING,true,"{""semantic_type"":""TEXT""}"
9,445,RENEWAL_CARD_ID,7,STRING,true,"{""semantic_type"":""ID""}"
9,446,DQ_FLAG,8,STRING,true,"{""semantic_type"":""TEXT""}"
10,431,REPLACEMENT_ID,1,STRING,false,"{""semantic_type"":""ID""}"
10,432,OLD_CARD_ID,2,STRING,true,"{""semantic_type"":""ID""}"
10,433,NEW_CARD_ID,3,STRING,true,"{""semantic_type"":""ID""}"
10,434,REPLACEMENT_REASON,4,STRING,true,"{""semantic_type"":""TEXT""}"
10,435,REPLACEMENT_DATE,5,DATE,true,"{""semantic_type"":""DATE_TIME""}"
10,436,OLD_CARD_BLOCKED,6,STRING,true,"{""semantic_type"":""TEXT""}"
10,437,IS_SAME_CARD,7,STRING,true,"{""semantic_type"":""TEXT""}"
10,438,DQ_FLAG,8,STRING,true,"{""semantic_type"":""TEXT""}"
11,412,ISSUANCE_ID,1,STRING,false,"{""semantic_type"":""ID""}"
11,413,CARD_ID,2,STRING,true,"{""semantic_type"":""ID""}"
11,414,ISSUED_DATE,3,DATE,true,"{""semantic_type"":""DATE_TIME""}"
11,415,DELIVERY_METHOD,4,STRING,true,"{""semantic_type"":""TEXT""}"
11,416,DELIVERY_ADDRESS_ID,5,STRING,true,"{""semantic_type"":""ID""}"
11,417,ISSUED_BY,6,STRING,true,"{""semantic_type"":""TEXT""}"
11,418,BATCH_ID,7,STRING,true,"{""semantic_type"":""ID""}"
11,419,IS_INSTANT_ISSUE,8,STRING,true,"{""semantic_type"":""TEXT""}"
11,420,DELIVERY_STATUS,9,STRING,true,"{""semantic_type"":""STATUS""}"
11,421,DQ_FLAG,10,STRING,true,"{""semantic_type"":""TEXT""}"
12,422,ACTIVATION_ID,1,STRING,false,"{""semantic_type"":""ID""}"
12,423,CARD_ID,2,STRING,true,"{""semantic_type"":""ID""}"
12,424,ISSUED_DATE,3,DATE,true,"{""semantic_type"":""DATE_TIME""}"
12,425,ACTIVATION_DATE,4,DATE,true,"{""semantic_type"":""DATE_TIME""}"
12,426,ACTIVATION_CHANNEL,5,STRING,true,"{""semantic_type"":""TEXT""}"
12,427,ACTIVATION_STATUS,6,STRING,true,"{""semantic_type"":""STATUS""}"
12,428,ATTEMPTS,7,INT,true,"{""semantic_type"":""OTHER""}"
12,429,ACTIVATED_BY,8,STRING,true,"{""semantic_type"":""TEXT""}"
12,430,DQ_FLAG,9,STRING,true,"{""semantic_type"":""TEXT""}"
13,404,FEATURE_ID,1,STRING,false,"{""semantic_type"":""ID""}"
13,405,PRODUCT_ID,2,STRING,true,"{""semantic_type"":""ID""}"
13,406,FEATURE_CODE,3,STRING,true,"{""semantic_type"":""CODE""}"
13,407,FEATURE_NAME,4,STRING,true,"{""semantic_type"":""TEXT""}"
13,408,IS_ENABLED,5,STRING,true,"{""semantic_type"":""TEXT""}"
13,409,EFFECTIVE_DATE,6,DATE,true,"{""semantic_type"":""DATE_TIME""}"
13,410,EXPIRY_DATE,7,DATE,true,"{""semantic_type"":""DATE_TIME""}"
13,411,DQ_FLAG,8,STRING,true,"{""semantic_type"":""TEXT""}"
14,395,PROGRAM_ID,1,STRING,false,"{""semantic_type"":""ID""}"
14,396,PROGRAM_NAME,2,STRING,true,"{""semantic_type"":""TEXT""}"
14,397,PROGRAM_TYPE,3,STRING,true,"{""semantic_type"":""TEXT""}"
14,398,ISSUER_ID,4,STRING,true,"{""semantic_type"":""ID""}"
14,399,START_DATE,5,DATE,true,"{""semantic_type"":""DATE_TIME""}"
14,400,END_DATE,6,DATE,true,"{""semantic_type"":""DATE_TIME""}"
14,401,MAX_CARDS_ALLOWED,7,INT,true,"{""semantic_type"":""OTHER""}"
14,402,ENROLLED_CARDS,8,INT,true,"{""semantic_type"":""OTHER""}"
14,403,DQ_FLAG,9,STRING,true,"{""semantic_type"":""TEXT""}"
15,379,PRODUCT_ID,1,STRING,false,"{""semantic_type"":""ID""}"
15,380,PRODUCT_NAME,2,STRING,true,"{""semantic_type"":""TEXT""}"
15,381,PRODUCT_TYPE,3,STRING,true,"{""semantic_type"":""TEXT""}"
15,382,NETWORK,4,STRING,true,"{""semantic_type"":""TEXT""}"
15,383,ISSUER_ID,5,STRING,true,"{""semantic_type"":""ID""}"
15,384,LAUNCH_DATE,6,DATE,true,"{""semantic_type"":""DATE_TIME""}"
15,385,DISCONTINUE_DATE,7,DATE,true,"{""semantic_type"":""DATE_TIME""}"
15,386,IS_ACTIVE,8,STRING,true,"{""semantic_type"":""TEXT""}"
15,387,ANNUAL_FEE,9,"DECIMAL(18,2)",true,"{""semantic_type"":""NUMERIC_BUSINESS""}"
15,388,DQ_FLAG,10,STRING,true,"{""semantic_type"":""TEXT""}"
16,389,TYPE_CODE,1,STRING,false,"{""semantic_type"":""CODE""}"
16,390,TYPE_NAME,2,STRING,true,"{""semantic_type"":""TEXT""}"
16,391,IS_PHYSICAL,3,STRING,true,"{""semantic_type"":""TEXT""}"
16,392,REQUIRES_PIN,4,STRING,true,"{""semantic_type"":""TEXT""}"
16,393,CREDIT_CAPABLE,5,STRING,true,"{""semantic_type"":""TEXT""}"
16,394,DQ_FLAG,6,STRING,true,"{""semantic_type"":""TEXT""}"
17,360,CARD_NUMBER_ID,1,STRING,false,"{""semantic_type"":""ID""}"
17,361,CARD_ID,2,STRING,true,"{""semantic_type"":""ID""}"
17,362,PAN_FULL,3,STRING,true,"{""semantic_type"":""TEXT""}"
17,363,PAN_MASKED,4,STRING,true,"{""semantic_type"":""TEXT""}"
17,364,PAN_LENGTH,5,INT,true,"{""semantic_type"":""OTHER""}"
17,365,NETWORK_BIN,6,STRING,true,"{""semantic_type"":""TEXT""}"
17,366,PAN_HASH,7,STRING,true,"{""semantic_type"":""TEXT""}"
17,367,TOKENIZED_PAN,8,STRING,true,"{""semantic_type"":""TEXT""}"
17,368,IS_VALID_LENGTH,9,STRING,true,"{""semantic_type"":""TEXT""}"
17,369,DQ_FLAG,10,STRING,true,"{""semantic_type"":""TEXT""}"
18,370,STATUS_RECORD_ID,1,STRING,false,"{""semantic_type"":""ID""}"
18,371,CARD_ID,2,STRING,true,"{""semantic_type"":""ID""}"
18,372,STATUS,3,STRING,true,"{""semantic_type"":""STATUS""}"
18,373,PREVIOUS_STATUS,4,STRING,true,"{""semantic_type"":""STATUS""}"
18,374,CHANGED_AT,5,TIMESTAMP,true,"{""semantic_type"":""DATE_TIME""}"
18,375,CHANGED_BY,6,STRING,true,"{""semantic_type"":""TEXT""}"
18,376,CHANGE_REASON,7,STRING,true,"{""semantic_type"":""TEXT""}"
18,377,VALID_TRANSITION,8,STRING,true,"{""semantic_type"":""TEXT""}"
18,378,DQ_FLAG,9,STRING,true,"{""semantic_type"":""TEXT""}"
19,349,CARD_ACCOUNT_ID,1,STRING,false,"{""semantic_type"":""ID""}"
19,350,CARD_ID,2,STRING,true,"{""semantic_type"":""ID""}"
19,351,ACCOUNT_NUMBER,3,STRING,true,"{""semantic_type"":""TEXT""}"
19,352,ACCOUNT_TYPE,4,STRING,true,"{""semantic_type"":""TEXT""}"
19,353,CREDIT_LIMIT,5,"DECIMAL(18,2)",true,"{""semantic_type"":""NUMERIC_BUSINESS""}"
19,354,AVAILABLE_BALANCE,6,"DECIMAL(18,2)",true,"{""semantic_type"":""NUMERIC_BUSINESS""}"
19,355,CURRENCY_CODE,7,STRING,true,"{""semantic_type"":""CODE""}"
19,356,ACCOUNT_STATUS,8,STRING,true,"{""semantic_type"":""STATUS""}"
19,357,OPEN_DATE,9,DATE,true,"{""semantic_type"":""DATE_TIME""}"
19,358,IS_OVERLIMIT,10,STRING,true,"{""semantic_type"":""TEXT""}"
19,359,DQ_FLAG,11,STRING,true,"{""semantic_type"":""TEXT""}"
20,336,CARD_ID,1,STRING,false,"{""semantic_type"":""ID""}"
20,337,PAN_MASKED,2,STRING,true,"{""semantic_type"":""TEXT""}"
20,338,CARD_TYPE,3,STRING,true,"{""semantic_type"":""TEXT""}"
20,339,NETWORK,4,STRING,true,"{""semantic_type"":""TEXT""}"
20,340,EXPIRY_DATE,5,DATE,true,"{""semantic_type"":""DATE_TIME""}"
20,341,CARDHOLDER_ID,6,STRING,true,"{""semantic_type"":""ID""}"
20,342,ISSUER_ID,7,STRING,true,"{""semantic_type"":""ID""}"
20,343,CARD_STATUS,8,STRING,true,"{""semantic_type"":""STATUS""}"
20,344,ISSUED_DATE,9,DATE,true,"{""semantic_type"":""DATE_TIME""}"
20,345,IS_TOKENIZED,10,STRING,true,"{""semantic_type"":""TEXT""}"
20,346,CVV_PRESENT,11,STRING,true,"{""semantic_type"":""TEXT""}"
20,347,ACCOUNT_ID,12,STRING,true,"{""semantic_type"":""ID""}"
20,348,DQ_FLAG,13,STRING,true,"{""semantic_type"":""TEXT""}"
21,318,STAN,1,STRING,false,"{""semantic_type"":""TEXT""}"
21,319,TRANSACTION_ID,2,STRING,true,"{""semantic_type"":""ID""}"
21,320,TRACE_TIMESTAMP,3,TIMESTAMP,true,"{""semantic_type"":""OTHER""}"
21,321,ORIGINATING_SYSTEM,4,STRING,true,"{""semantic_type"":""TEXT""}"
21,322,SESSION_ID,5,STRING,true,"{""semantic_type"":""ID""}"
21,323,HOP_COUNT,6,INT,true,"{""semantic_type"":""NUMERIC_BUSINESS""}"
21,324,LATENCY_MS,7,INT,true,"{""semantic_type"":""NUMERIC_BUSINESS""}"
21,325,VALID_HOP_COUNT,8,INT,true,"{""semantic_type"":""NUMERIC_BUSINESS""}"
21,326,DQ_FLAG,9,STRING,true,"{""semantic_type"":""TEXT""}"
22,327,TRACE_ID,1,STRING,false,"{""semantic_type"":""ID""}"
22,328,TRANSACTION_ID,2,STRING,true,"{""semantic_type"":""ID""}"
22,329,FROM_STAGE,3,STRING,true,"{""semantic_type"":""TEXT""}"
22,330,TO_STAGE,4,STRING,true,"{""semantic_type"":""TEXT""}"
22,331,TRANSITION_AT,5,TIMESTAMP,true,"{""semantic_type"":""DATE_TIME""}"
22,332,TRIGGERED_BY,6,STRING,true,"{""semantic_type"":""TEXT""}"
22,333,DURATION_SECONDS,7,INT,true,"{""semantic_type"":""NUMERIC_BUSINESS""}"
22,334,IS_VALID_TRANSITION,8,STRING,true,"{""semantic_type"":""TEXT""}"
22,335,DQ_FLAG,9,STRING,true,"{""semantic_type"":""TEXT""}"
23,311,RRN,1,STRING,false,"{""semantic_type"":""TEXT""}"
23,312,TRANSACTION_ID,2,STRING,true,"{""semantic_type"":""ID""}"
23,313,GENERATED_BY,3,STRING,true,"{""semantic_type"":""TEXT""}"
23,314,GENERATED_AT,4,TIMESTAMP,true,"{""semantic_type"":""DATE_TIME""}"
23,315,NETWORK,5,STRING,true,"{""semantic_type"":""TEXT""}"
23,316,IS_UNIQUE,6,STRING,true,"{""semantic_type"":""TEXT""}"
23,317,DQ_FLAG,7,STRING,true,"{""semantic_type"":""TEXT""}"
24,300,IDENTIFIER_ID,1,STRING,false,"{""semantic_type"":""ID""}"
24,301,TRANSACTION_ID,2,STRING,true,"{""semantic_type"":""ID""}"
24,302,ARN,3,STRING,true,"{""semantic_type"":""TEXT""}"
24,303,RRN,4,STRING,true,"{""semantic_type"":""TEXT""}"
24,304,STAN,5,STRING,true,"{""semantic_type"":""TEXT""}"
24,305,AUTHORIZATION_CODE,6,STRING,true,"{""semantic_type"":""CODE""}"
24,306,NETWORK_TXN_ID,7,STRING,true,"{""semantic_type"":""ID""}"
24,307,MID,8,STRING,true,"{""semantic_type"":""ID""}"
24,308,TID,9,STRING,true,"{""semantic_type"":""ID""}"
24,309,IS_DUPLICATE_ARN,10,STRING,true,"{""semantic_type"":""TEXT""}"
24,310,DQ_FLAG,11,STRING,true,"{""semantic_type"":""TEXT""}"
25,290,CANCELLATION_ID,1,STRING,false,"{""semantic_type"":""ID""}"
25,291,TRANSACTION_ID,2,STRING,true,"{""semantic_type"":""ID""}"
25,292,CANCELLATION_REASON,3,STRING,true,"{""semantic_type"":""TEXT""}"
25,293,CANCELLED_AT,4,TIMESTAMP,true,"{""semantic_type"":""DATE_TIME""}"
25,294,CANCELLED_BY,5,STRING,true,"{""semantic_type"":""TEXT""}"
25,295,REFUND_TRIGGERED,6,STRING,true,"{""semantic_type"":""TEXT""}"
25,296,REFUND_AMOUNT,7,"DECIMAL(18,2)",true,"{""semantic_type"":""NUMERIC_BUSINESS""}"
25,297,STATUS,8,STRING,true,"{""semantic_type"":""STATUS""}"
25,298,NOTES,9,STRING,true,"{""semantic_type"":""TEXT""}"
25,299,DQ_FLAG,10,STRING,true,"{""semantic_type"":""TEXT""}"
26,270,STATUS_ID,1,STRING,false,"{""semantic_type"":""ID""}"
26,271,TRANSACTION_ID,2,STRING,true,"{""semantic_type"":""ID""}"
26,272,STATUS_CODE,3,STRING,true,"{""semantic_type"":""CODE""}"
26,273,STATUS_DESCRIPTION,4,STRING,true,"{""semantic_type"":""STATUS""}"
26,274,STATUS_TIMESTAMP,5,TIMESTAMP,true,"{""semantic_type"":""STATUS""}"
26,275,RESPONSE_SOURCE,6,STRING,true,"{""semantic_type"":""TEXT""}"
26,276,STATUS_CATEGORY,7,STRING,true,"{""semantic_type"":""STATUS""}"
26,277,RETRY_COUNT,8,INT,true,"{""semantic_type"":""NUMERIC_BUSINESS""}"
26,278,FINAL_STATUS,9,STRING,true,"{""semantic_type"":""STATUS""}"
26,279,DQ_FLAG,10,STRING,true,"{""semantic_type"":""TEXT""}"
27,280,REVERSAL_ID,1,STRING,false,"{""semantic_type"":""ID""}"
27,281,ORIGINAL_TXN_ID,2,STRING,true,"{""semantic_type"":""ID""}"
27,282,REVERSAL_TYPE,3,STRING,true,"{""semantic_type"":""TEXT""}"
27,283,ORIGINAL_AMOUNT,4,"DECIMAL(18,2)",true,"{""semantic_type"":""NUMERIC_BUSINESS""}"
27,284,REVERSAL_AMOUNT,5,"DECIMAL(18,2)",true,"{""semantic_type"":""NUMERIC_BUSINESS""}"
27,285,REVERSAL_TIMESTAMP,6,TIMESTAMP,true,"{""semantic_type"":""OTHER""}"
27,286,REVERSAL_REASON,7,STRING,true,"{""semantic_type"":""TEXT""}"
27,287,INITIATED_BY,8,STRING,true,"{""semantic_type"":""TEXT""}"
27,288,STATUS,9,STRING,true,"{""semantic_type"":""STATUS""}"
27,289,DQ_FLAG,10,STRING,true,"{""semantic_type"":""TEXT""}"
28,256,TRANSACTION_ID,1,STRING,false,"{""semantic_type"":""ID""}"
28,257,LIFECYCLE_STAGE,2,STRING,true,"{""semantic_type"":""TEXT""}"
28,258,TRANSACTION_TYPE,3,STRING,true,"{""semantic_type"":""TEXT""}"
28,259,AMOUNT,4,"DECIMAL(18,2)",true,"{""semantic_type"":""NUMERIC_BUSINESS""}"
28,260,CURRENCY_CODE,5,STRING,true,"{""semantic_type"":""CODE""}"
28,261,INITIATED_AT,6,TIMESTAMP,true,"{""semantic_type"":""DATE_TIME""}"
28,262,AUTHORIZED_AT,7,TIMESTAMP,true,"{""semantic_type"":""DATE_TIME""}"
28,263,CLEARED_AT,8,TIMESTAMP,true,"{""semantic_type"":""DATE_TIME""}"
28,264,SETTLED_AT,9,TIMESTAMP,true,"{""semantic_type"":""DATE_TIME""}"
28,265,CHANNEL,10,STRING,true,"{""semantic_type"":""TEXT""}"
28,266,IS_CROSS_BORDER,11,STRING,true,"{""semantic_type"":""TEXT""}"
28,267,NETWORK,12,STRING,true,"{""semantic_type"":""TEXT""}"
28,268,PAN_LAST4,13,STRING,true,"{""semantic_type"":""CODE""}"
28,269,DQ_FLAG,14,STRING,true,"{""semantic_type"":""TEXT""}"
